First Name, Last Name, Date Of Birth, Home Phone, Cell Phone, Email
Abagail,Turcotte,10-05-1966,1056104823,1318025048,roselyn.witting@gmail.com
Abbey,Jerde,11-14-2006,1380862306,1123552459,rosemarie.mayer@gmail.com
Alanna,Shields,11-13-1983,1238566095,1271063748,geovanni.daugherty@gmail.com
Alexandra,Schuppe,07-12-1989,1045299712,1380972418,lavonne.lueilwitz@gmail.com
Anthony,Altenwerth,05-31-2005,1225874391,1202863640,gracie.pagac@gmail.com
Antonina,Gleichner,05-21-2007,1365457856,1219840874,nolan.thiel@gmail.com
Bailee,Schmidt,03-06-1963,1028016025,1010677639,jana.halvorson@gmail.com
Boyd,Hessel,09-12-1953,1332790955,1346821398,eldon.nolan@gmail.com
Brittany,Kling,02-24-1951,1266902031,1112551806,halle.waters@gmail.com
Bud,Tromp,03-01-1952,1002818054,1077656416,winona.dubuque@gmail.com
Christelle,Jacobson,01-13-1969,1009681393,1054204879,ahmed.koch@gmail.com
Claudie,Nader,04-27-1956,1055586100,1247030788,harold.lesch@gmail.com
Clinton,Nikolaus,01-17-1993,1372437918,1084424898,rowena.harvey@gmail.com
Cullen,Schmidt,11-24-1993,1281587630,1149792222,casimer.nienow@gmail.com
Daren,Stanton,09-23-1989,1380881335,1315759425,alden.fahey@gmail.com
Darrick,Frami,02-24-1992,1340728144,1210862443,josie.davis@gmail.com
Dayana,Christiansen,08-02-1976,1107117153,1202672611,angelina.bailey@gmail.com
Dean,Boyer,09-01-2006,1365253086,1265715427,turner.pfannerstill@gmail.com
Devante,Schroeder,05-23-2016,1386394566,1349371995,tod.bernier@gmail.com
Elva,Champlin,03-08-2001,1093232751,1092220365,toby.abernathy@gmail.com
Emery,Shanahan,02-25-2008,1124143994,1089566151,abigayle.schumm@gmail.com
Emmy,Dibbert,02-12-1994,1030468238,1166506826,dena.nader@gmail.com
Enoch,Emmerich,07-18-2016,1303020057,1310898581,chloe.mckenzie@gmail.com
Ethan,Cruickshank,05-18-1968,1015877119,1067839560,darion.gibson@gmail.com
Eugene,Kunde,11-24-1966,1106780603,1169939808,albina.williamson@gmail.com
Filiberto,Toy,04-26-2002,1117642188,1204437689,rosalyn.rolfson@gmail.com
Geovanny,VonRueden,05-05-2001,1021267635,1119464458,ryley.hermann@gmail.com
Irwin,Bode,02-08-1985,1343096227,1055804143,loyal.shields@gmail.com
Leanna,Leuschke,09-20-1996,1364458573,1214923610,pascale.funk@gmail.com
Lester,Murray,12-21-1965,1015347572,1237739026,elisa.reynolds@gmail.com
Lorenz,Wiegand,01-13-2001,1241290544,1323128626,evan.gleichner@gmail.com
Lucy,Baumbach,04-02-2013,1008470990,1104036599,amanda.beahan@gmail.com
Ludwig,Smith,03-06-1982,1114559467,1191445209,kurt.brekke@gmail.com
Luna,Schamberger,01-17-1975,1169022509,1097693982,adelia.wisozk@gmail.com
Luther,Gusikowski,09-16-2000,1110223049,1302486922,archibald.klocko@gmail.com
Lyla,Yost,01-15-1958,1181095797,1195044921,elwyn.mclaughlin@gmail.com
Marguerite,Sawayn,04-23-2003,1234650569,1324505109,loyce.mills@gmail.com
Marielle,Romaguera,06-29-1991,1330722240,1388278579,bridget.lindgren@gmail.com
Rachelle,Ebert,05-21-2018,1035453318,1279076161,loyal.lueilwitz@gmail.com
Raphael,Stark,08-23-1964,1185668025,1176778120,bo.will@gmail.com
Rocky,Schmidt,10-19-2001,1334696446,1085567528,jamir.upton@gmail.com
Sarai,Satterfield,05-19-1960,1026581874,1378409335,elise.kiehn@gmail.com
Selina,Johnston,10-05-1954,1285129005,1191006811,megane.tromp@gmail.com
Shirley,Schaefer,05-10-1995,1111321169,1274182970,liza.stroman@gmail.com
Shyanne,Rath,06-15-2007,1013860253,1044323803,stephania.pacocha@gmail.com
Susanna,Renner,07-14-1967,1188058686,1173424569,osborne.bartoletti@gmail.com
Velma,Swaniawski,01-13-2020,1006484277,1121642247,lurline.quitzon@gmail.com
Vern,Hamill,01-03-2007,1230788646,1240323285,janae.stehr@gmail.com
Walter,Torphy,10-27-1956,1214956823,1026478221,frank.gutkowski@gmail.com
Yessenia,Halvorson,10-11-2008,1387182051,1205896383,jarrell.durgan@gmail.com
